Time [s],Packet ID,MOSI,MISO
0.0000089,0,0x00,0x01
0.0000109,0,0x01,0x02
0.0000129,0,0x02,0x03
0.0000193,1,0x04,0x05
0.0000213,1,0x05,0x06
0.0000233,1,0x06,0x07
0.0000297,2,0x08,0x09
0.0000317,2,0x09,0x0A
0.0000337,2,0x0A,0x0B
0.0000401,3,0x0C,0x0D
0.0000421,3,0x0D,0x0E
0.0000441,3,0x0E,0x0F
0.0000505,4,0x10,0x11
0.0000525,4,0x11,0x12
0.0000545,4,0x12,0x13
0.0000609,5,0x14,0x15
0.0000629,5,0x15,0x16
0.0000649,5,0x16,0x17
0.0000713,6,0x18,0x19
0.0000733,6,0x19,0x1A
0.0000753,6,0x1A,0x1B
0.0000817,7,0x1C,0x1D
0.0000837,7,0x1D,0x1E
0.0000857,7,0x1E,0x1F
0.0000921,8,0x20,0x21
0.0000941,8,0x21,0x22
0.0000961,8,0x22,0x23
0.0001025,9,0x24,0x25
0.0001045,9,0x25,0x26
0.0001065,9,0x26,0x27
0.0001129,10,0x28,0x29
0.0001149,10,0x29,0x2A
0.0001169,10,0x2A,0x2B
0.0001233,11,0x2C,0x2D
0.0001253,11,0x2D,0x2E
0.0001273,11,0x2E,0x2F
0.0001337,12,0x30,0x31
0.0001357,12,0x31,0x32
0.0001377,12,0x32,0x33
0.0001441,13,0x34,0x35
0.0001461,13,0x35,0x36
0.0001481,13,0x36,0x37
0.0001545,14,0x38,0x39
0.0001565,14,0x39,0x3A
0.0001585,14,0x3A,0x3B
0.0001649,15,0x3C,0x3D
0.0001669,15,0x3D,0x3E
0.0001689,15,0x3E,0x3F
0.0001753,16,0x40,0x41
0.0001773,16,0x41,0x42
0.0001793,16,0x42,0x43
0.0001857,17,0x44,0x45
0.0001877,17,0x45,0x46
0.0001897,17,0x46,0x47
0.0001961,18,0x48,0x49
0.0001981,18,0x49,0x4A
0.0002001,18,0x4A,0x4B
0.0002065,19,0x4C,0x4D
0.0002085,19,0x4D,0x4E
0.0002105,19,0x4E,0x4F
0.0002169,20,0x50,0x51
0.0002189,20,0x51,0x52
0.0002209,20,0x52,0x53
0.0002273,21,0x54,0x55
0.0002293,21,0x55,0x56
0.0002313,21,0x56,0x57
0.0002377,22,0x58,0x59
0.0002397,22,0x59,0x5A
0.0002417,22,0x5A,0x5B
0.0002481,23,0x5C,0x5D
0.0002501,23,0x5D,0x5E
0.0002521,23,0x5E,0x5F
0.0002585,24,0x60,0x61
0.0002605,24,0x61,0x62
0.0002625,24,0x62,0x63
0.0002689,25,0x64,0x65
0.0002709,25,0x65,0x66
0.0002729,25,0x66,0x67
0.0002793,26,0x68,0x69
0.0002813,26,0x69,0x6A
0.0002833,26,0x6A,0x6B
0.0002897,27,0x6C,0x6D
0.0002917,27,0x6D,0x6E
0.0002937,27,0x6E,0x6F
0.0003001,28,0x70,0x71
0.0003021,28,0x71,0x72
0.0003041,28,0x72,0x73
0.0003105,29,0x74,0x75
0.0003125,29,0x75,0x76
0.0003145,29,0x76,0x77
0.0003209,30,0x78,0x79
0.0003229,30,0x79,0x7A
0.0003249,30,0x7A,0x7B
0.0003313,31,0x7C,0x7D
0.0003333,31,0x7D,0x7E
0.0003353,31,0x7E,0x7F
0.0003417,32,0x80,0x81
0.0003437,32,0x81,0x82
0.0003457,32,0x82,0x83
0.0003521,33,0x84,0x85
0.0003541,33,0x85,0x86
0.0003561,33,0x86,0x87
0.0003625,34,0x88,0x89
0.0003645,34,0x89,0x8A
0.0003665,34,0x8A,0x8B
0.0003729,35,0x8C,0x8D
0.0003749,35,0x8D,0x8E
0.0003769,35,0x8E,0x8F
0.0003833,36,0x90,0x91
0.0003853,36,0x91,0x92
0.0003873,36,0x92,0x93
0.0003937,37,0x94,0x95
0.0003957,37,0x95,0x96
0.0003977,37,0x96,0x97
0.0004041,38,0x98,0x99
0.0004061,38,0x99,0x9A
0.0004081,38,0x9A,0x9B
0.0004145,39,0x9C,0x9D
0.0004165,39,0x9D,0x9E
0.0004185,39,0x9E,0x9F
0.0004249,40,0xA0,0xA1
0.0004269,40,0xA1,0xA2
0.0004289,40,0xA2,0xA3
0.0004353,41,0xA4,0xA5
0.0004373,41,0xA5,0xA6
0.0004393,41,0xA6,0xA7
0.0004457,42,0xA8,0xA9
0.0004477,42,0xA9,0xAA
0.0004497,42,0xAA,0xAB
0.0004561,43,0xAC,0xAD
0.0004581,43,0xAD,0xAE
0.0004601,43,0xAE,0xAF
0.0004665,44,0xB0,0xB1
0.0004685,44,0xB1,0xB2
0.0004705,44,0xB2,0xB3
0.0004769,45,0xB4,0xB5
0.0004789,45,0xB5,0xB6
0.0004809,45,0xB6,0xB7
0.0004873,46,0xB8,0xB9
0.0004893,46,0xB9,0xBA
0.0004913,46,0xBA,0xBB
0.0004977,47,0xBC,0xBD
0.0004997,47,0xBD,0xBE
0.0005017,47,0xBE,0xBF
0.0005081,48,0xC0,0xC1
0.0005101,48,0xC1,0xC2
0.0005121,48,0xC2,0xC3
0.0005185,49,0xC4,0xC5
0.0005205,49,0xC5,0xC6
0.0005225,49,0xC6,0xC7
0.0005289,50,0xC8,0xC9
0.0005309,50,0xC9,0xCA
0.0005329,50,0xCA,0xCB
0.0005393,51,0xCC,0xCD
0.0005413,51,0xCD,0xCE
0.0005433,51,0xCE,0xCF
0.0005497,52,0xD0,0xD1
0.0005517,52,0xD1,0xD2
0.0005537,52,0xD2,0xD3
0.0005601,53,0xD4,0xD5
0.0005621,53,0xD5,0xD6
0.0005641,53,0xD6,0xD7
0.0005705,54,0xD8,0xD9
0.0005725,54,0xD9,0xDA
0.0005745,54,0xDA,0xDB
0.0005809,55,0xDC,0xDD
0.0005829,55,0xDD,0xDE
0.0005849,55,0xDE,0xDF
0.0005913,56,0xE0,0xE1
0.0005933,56,0xE1,0xE2
0.0005953,56,0xE2,0xE3
0.0006017,57,0xE4,0xE5
0.0006037,57,0xE5,0xE6
0.0006057,57,0xE6,0xE7
0.0006121,58,0xE8,0xE9
0.0006141,58,0xE9,0xEA
0.0006161,58,0xEA,0xEB
0.0006225,59,0xEC,0xED
0.0006245,59,0xED,0xEE
0.0006265,59,0xEE,0xEF
0.0006329,60,0xF0,0xF1
0.0006349,60,0xF1,0xF2
0.0006369,60,0xF2,0xF3
0.0006433,61,0xF4,0xF5
0.0006453,61,0xF5,0xF6
0.0006473,61,0xF6,0xF7
0.0006537,62,0xF8,0xF9
0.0006557,62,0xF9,0xFA
0.0006577,62,0xFA,0xFB
0.0006641,63,0xFC,0xFD
0.0006661,63,0xFD,0xFE
0.0006681,63,0xFE,0xFF
0.0006745,64,0x00,0x01
0.0006765,64,0x01,0x02
0.0006785,64,0x02,0x03
0.0006849,65,0x04,0x05
0.0006869,65,0x05,0x06
0.0006889,65,0x06,0x07
0.0006953,66,0x08,0x09
0.0006973,66,0x09,0x0A
0.0006993,66,0x0A,0x0B
0.0007057,67,0x0C,0x0D
0.0007077,67,0x0D,0x0E
0.0007097,67,0x0E,0x0F
0.0007161,68,0x10,0x11
0.0007181,68,0x11,0x12
0.0007201,68,0x12,0x13
0.0007265,69,0x14,0x15
0.0007285,69,0x15,0x16
0.0007305,69,0x16,0x17
0.0007369,70,0x18,0x19
0.0007389,70,0x19,0x1A
0.0007409,70,0x1A,0x1B
0.0007473,71,0x1C,0x1D
0.0007493,71,0x1D,0x1E
0.0007513,71,0x1E,0x1F
0.0007577,72,0x20,0x21
0.0007597,72,0x21,0x22
0.0007617,72,0x22,0x23
0.0007681,73,0x24,0x25
0.0007701,73,0x25,0x26
0.0007721,73,0x26,0x27
0.0007785,74,0x28,0x29
0.0007805,74,0x29,0x2A
0.0007825,74,0x2A,0x2B
0.0007889,75,0x2C,0x2D
0.0007909,75,0x2D,0x2E
0.0007929,75,0x2E,0x2F
0.0007993,76,0x30,0x31
0.0008013,76,0x31,0x32
0.0008033,76,0x32,0x33
0.0008097,77,0x34,0x35
0.0008117,77,0x35,0x36
0.0008137,77,0x36,0x37
0.0008201,78,0x38,0x39
0.0008221,78,0x39,0x3A
0.0008241,78,0x3A,0x3B
0.0008305,79,0x3C,0x3D
0.0008325,79,0x3D,0x3E
0.0008345,79,0x3E,0x3F
0.0008409,80,0x40,0x41
0.0008429,80,0x41,0x42
0.0008449,80,0x42,0x43
0.0008513,81,0x44,0x45
0.0008533,81,0x45,0x46
0.0008553,81,0x46,0x47
0.0008617,82,0x48,0x49
0.0008637,82,0x49,0x4A
0.0008657,82,0x4A,0x4B
0.0008721,83,0x4C,0x4D
0.0008741,83,0x4D,0x4E
0.0008761,83,0x4E,0x4F
0.0008825,84,0x50,0x51
0.0008845,84,0x51,0x52
0.0008865,84,0x52,0x53
0.0008929,85,0x54,0x55
0.0008949,85,0x55,0x56
0.0008969,85,0x56,0x57
0.0009033,86,0x58,0x59
0.0009053,86,0x59,0x5A
0.0009073,86,0x5A,0x5B
0.0009137,87,0x5C,0x5D
0.0009157,87,0x5D,0x5E
0.0009177,87,0x5E,0x5F
0.0009241,88,0x60,0x61
0.0009261,88,0x61,0x62
0.0009281,88,0x62,0x63
0.0009345,89,0x64,0x65
0.0009365,89,0x65,0x66
0.0009385,89,0x66,0x67
0.0009449,90,0x68,0x69
0.0009469,90,0x69,0x6A
0.0009489,90,0x6A,0x6B
0.0009553,91,0x6C,0x6D
0.0009573,91,0x6D,0x6E
0.0009593,91,0x6E,0x6F
0.0009657,92,0x70,0x71
0.0009677,92,0x71,0x72
0.0009697,92,0x72,0x73
0.0009761,93,0x74,0x75
0.0009781,93,0x75,0x76
0.0009801,93,0x76,0x77
0.0009865,94,0x78,0x79
0.0009885,94,0x79,0x7A
0.0009905,94,0x7A,0x7B
0.0009969,95,0x7C,0x7D
0.0009989,95,0x7D,0x7E
0.0010009,95,0x7E,0x7F
0.0010073,96,0x80,0x81
0.0010093,96,0x81,0x82
0.0010113,96,0x82,0x83
0.0010177,97,0x84,0x85
0.0010197,97,0x85,0x86
0.0010217,97,0x86,0x87
0.0010281,98,0x88,0x89
0.0010301,98,0x89,0x8A
0.0010321,98,0x8A,0x8B
0.0010385,99,0x8C,0x8D
0.0010405,99,0x8D,0x8E
0.0010425,99,0x8E,0x8F
0.0010489,100,0x90,0x91
0.0010509,100,0x91,0x92
0.0010529,100,0x92,0x93
0.0010593,101,0x94,0x95
0.0010613,101,0x95,0x96
0.0010633,101,0x96,0x97
0.0010697,102,0x98,0x99
0.0010717,102,0x99,0x9A
0.0010737,102,0x9A,0x9B
0.0010801,103,0x9C,0x9D
0.0010821,103,0x9D,0x9E
0.0010841,103,0x9E,0x9F
0.0010905,104,0xA0,0xA1
0.0010925,104,0xA1,0xA2
0.0010945,104,0xA2,0xA3
0.0011009,105,0xA4,0xA5
0.0011029,105,0xA5,0xA6
0.0011049,105,0xA6,0xA7
0.0011113,106,0xA8,0xA9
0.0011133,106,0xA9,0xAA
0.0011153,106,0xAA,0xAB
0.0011217,107,0xAC,0xAD
0.0011237,107,0xAD,0xAE
0.0011257,107,0xAE,0xAF
0.0011321,108,0xB0,0xB1
0.0011341,108,0xB1,0xB2
0.0011361,108,0xB2,0xB3
0.0011425,109,0xB4,0xB5
0.0011445,109,0xB5,0xB6
0.0011465,109,0xB6,0xB7
0.0011529,110,0xB8,0xB9
0.0011549,110,0xB9,0xBA
0.0011569,110,0xBA,0xBB
0.0011633,111,0xBC,0xBD
0.0011653,111,0xBD,0xBE
0.0011673,111,0xBE,0xBF
0.0011737,112,0xC0,0xC1
0.0011757,112,0xC1,0xC2
0.0011777,112,0xC2,0xC3
0.0011841,113,0xC4,0xC5
0.0011861,113,0xC5,0xC6
0.0011881,113,0xC6,0xC7
0.0011945,114,0xC8,0xC9
0.0011965,114,0xC9,0xCA
0.0011985,114,0xCA,0xCB
0.0012049,115,0xCC,0xCD
0.0012069,115,0xCD,0xCE
0.0012089,115,0xCE,0xCF
0.0012153,116,0xD0,0xD1
0.0012173,116,0xD1,0xD2
0.0012193,116,0xD2,0xD3
0.0012257,117,0xD4,0xD5
0.0012277,117,0xD5,0xD6
0.0012297,117,0xD6,0xD7
0.0012361,118,0xD8,0xD9
0.0012381,118,0xD9,0xDA
0.0012401,118,0xDA,0xDB
0.0012465,119,0xDC,0xDD
0.0012485,119,0xDD,0xDE
0.0012505,119,0xDE,0xDF
0.0012569,120,0xE0,0xE1
0.0012589,120,0xE1,0xE2
0.0012609,120,0xE2,0xE3
0.0012673,121,0xE4,0xE5
0.0012693,121,0xE5,0xE6
0.0012713,121,0xE6,0xE7
0.0012777,122,0xE8,0xE9
0.0012797,122,0xE9,0xEA
0.0012817,122,0xEA,0xEB
0.0012881,123,0xEC,0xED
0.0012901,123,0xED,0xEE
0.0012921,123,0xEE,0xEF
0.0012985,124,0xF0,0xF1
0.0013005,124,0xF1,0xF2
0.0013025,124,0xF2,0xF3
0.0013089,125,0xF4,0xF5
0.0013109,125,0xF5,0xF6
0.0013129,125,0xF6,0xF7
0.0013193,126,0xF8,0xF9
0.0013213,126,0xF9,0xFA
0.0013233,126,0xFA,0xFB
0.0013297,127,0xFC,0xFD
0.0013317,127,0xFD,0xFE
0.0013337,127,0xFE,0xFF
0.0013401,128,0x00,0x01
0.0013421,128,0x01,0x02
0.0013441,128,0x02,0x03
0.0013505,129,0x04,0x05
0.0013525,129,0x05,0x06
0.0013545,129,0x06,0x07
0.0013609,130,0x08,0x09
0.0013629,130,0x09,0x0A
0.0013649,130,0x0A,0x0B
0.0013713,131,0x0C,0x0D
0.0013733,131,0x0D,0x0E
0.0013753,131,0x0E,0x0F
0.0013817,132,0x10,0x11
0.0013837,132,0x11,0x12
0.0013857,132,0x12,0x13
0.0013921,133,0x14,0x15
0.0013941,133,0x15,0x16
0.0013961,133,0x16,0x17
0.0014025,134,0x18,0x19
0.0014045,134,0x19,0x1A
0.0014065,134,0x1A,0x1B
0.0014129,135,0x1C,0x1D
0.0014149,135,0x1D,0x1E
0.0014169,135,0x1E,0x1F
0.0014233,136,0x20,0x21
0.0014253,136,0x21,0x22
0.0014273,136,0x22,0x23
0.0014337,137,0x24,0x25
0.0014357,137,0x25,0x26
0.0014377,137,0x26,0x27
0.0014441,138,0x28,0x29
0.0014461,138,0x29,0x2A
0.0014481,138,0x2A,0x2B
0.0014545,139,0x2C,0x2D
0.0014565,139,0x2D,0x2E
0.0014585,139,0x2E,0x2F
0.0014649,140,0x30,0x31
0.0014669,140,0x31,0x32
0.0014689,140,0x32,0x33
0.0014753,141,0x34,0x35
0.0014773,141,0x35,0x36
0.0014793,141,0x36,0x37
0.0014857,142,0x38,0x39
0.0014877,142,0x39,0x3A
0.0014897,142,0x3A,0x3B
0.0014961,143,0x3C,0x3D
0.0014981,143,0x3D,0x3E
0.0015001,143,0x3E,0x3F
0.0015065,144,0x40,0x41
0.0015085,144,0x41,0x42
0.0015105,144,0x42,0x43
0.0015169,145,0x44,0x45
0.0015189,145,0x45,0x46
0.0015209,145,0x46,0x47
0.0015273,146,0x48,0x49
0.0015293,146,0x49,0x4A
0.0015313,146,0x4A,0x4B
0.0015377,147,0x4C,0x4D
0.0015397,147,0x4D,0x4E
0.0015417,147,0x4E,0x4F
0.0015481,148,0x50,0x51
0.0015501,148,0x51,0x52
0.0015521,148,0x52,0x53
0.0015585,149,0x54,0x55
0.0015605,149,0x55,0x56
0.0015625,149,0x56,0x57
0.0015689,150,0x58,0x59
0.0015709,150,0x59,0x5A
0.0015729,150,0x5A,0x5B
0.0015793,151,0x5C,0x5D
0.0015813,151,0x5D,0x5E
0.0015833,151,0x5E,0x5F
0.0015897,152,0x60,0x61
0.0015917,152,0x61,0x62
0.0015937,152,0x62,0x63
0.0016001,153,0x64,0x65
0.0016021,153,0x65,0x66
0.0016041,153,0x66,0x67
0.0016105,154,0x68,0x69
0.0016125,154,0x69,0x6A
0.0016145,154,0x6A,0x6B
0.0016209,155,0x6C,0x6D
0.0016229,155,0x6D,0x6E
0.0016249,155,0x6E,0x6F
0.0016313,156,0x70,0x71
0.0016333,156,0x71,0x72
0.0016353,156,0x72,0x73
0.0016417,157,0x74,0x75
0.0016437,157,0x75,0x76
0.0016457,157,0x76,0x77
0.0016521,158,0x78,0x79
0.0016541,158,0x79,0x7A
0.0016561,158,0x7A,0x7B
0.0016625,159,0x7C,0x7D
0.0016645,159,0x7D,0x7E
0.0016665,159,0x7E,0x7F
0.0016729,160,0x80,0x81
0.0016749,160,0x81,0x82
0.0016769,160,0x82,0x83
0.0016833,161,0x84,0x85
0.0016853,161,0x85,0x86
0.0016873,161,0x86,0x87
0.0016937,162,0x88,0x89
0.0016957,162,0x89,0x8A
0.0016977,162,0x8A,0x8B
0.0017041,163,0x8C,0x8D
0.0017061,163,0x8D,0x8E
0.0017081,163,0x8E,0x8F
0.0017145,164,0x90,0x91
0.0017165,164,0x91,0x92
0.0017185,164,0x92,0x93
0.0017249,165,0x94,0x95
0.0017269,165,0x95,0x96
0.0017289,165,0x96,0x97
0.0017353,166,0x98,0x99
0.0017373,166,0x99,0x9A
0.0017393,166,0x9A,0x9B
0.0017457,167,0x9C,0x9D
0.0017477,167,0x9D,0x9E
0.0017497,167,0x9E,0x9F
0.0017561,168,0xA0,0xA1
0.0017581,168,0xA1,0xA2
0.0017601,168,0xA2,0xA3
0.0017665,169,0xA4,0xA5
0.0017685,169,0xA5,0xA6
0.0017705,169,0xA6,0xA7
0.0017769,170,0xA8,0xA9
0.0017789,170,0xA9,0xAA
0.0017809,170,0xAA,0xAB
0.0017873,171,0xAC,0xAD
0.0017893,171,0xAD,0xAE
0.0017913,171,0xAE,0xAF
0.0017977,172,0xB0,0xB1
0.0017997,172,0xB1,0xB2
0.0018017,172,0xB2,0xB3
0.0018081,173,0xB4,0xB5
0.0018101,173,0xB5,0xB6
0.0018121,173,0xB6,0xB7
0.0018185,174,0xB8,0xB9
0.0018205,174,0xB9,0xBA
0.0018225,174,0xBA,0xBB
0.0018289,175,0xBC,0xBD
0.0018309,175,0xBD,0xBE
0.0018329,175,0xBE,0xBF
0.0018393,176,0xC0,0xC1
0.0018413,176,0xC1,0xC2
0.0018433,176,0xC2,0xC3
0.0018497,177,0xC4,0xC5
0.0018517,177,0xC5,0xC6
0.0018537,177,0xC6,0xC7
0.0018601,178,0xC8,0xC9
0.0018621,178,0xC9,0xCA
0.0018641,178,0xCA,0xCB
0.0018705,179,0xCC,0xCD
0.0018725,179,0xCD,0xCE
0.0018745,179,0xCE,0xCF
0.0018809,180,0xD0,0xD1
0.0018829,180,0xD1,0xD2
0.0018849,180,0xD2,0xD3
0.0018913,181,0xD4,0xD5
0.0018933,181,0xD5,0xD6
0.0018953,181,0xD6,0xD7
0.0019017,182,0xD8,0xD9
0.0019037,182,0xD9,0xDA
0.0019057,182,0xDA,0xDB
0.0019121,183,0xDC,0xDD
0.0019141,183,0xDD,0xDE
0.0019161,183,0xDE,0xDF
0.0019225,184,0xE0,0xE1
0.0019245,184,0xE1,0xE2
0.0019265,184,0xE2,0xE3
0.0019329,185,0xE4,0xE5
0.0019349,185,0xE5,0xE6
0.0019369,185,0xE6,0xE7
0.0019433,186,0xE8,0xE9
0.0019453,186,0xE9,0xEA
0.0019473,186,0xEA,0xEB
0.0019537,187,0xEC,0xED
0.0019557,187,0xED,0xEE
0.0019577,187,0xEE,0xEF
0.0019641,188,0xF0,0xF1
0.0019661,188,0xF1,0xF2
0.0019681,188,0xF2,0xF3
0.0019745,189,0xF4,0xF5
0.0019765,189,0xF5,0xF6
0.0019785,189,0xF6,0xF7
0.0019849,190,0xF8,0xF9
0.0019869,190,0xF9,0xFA
0.0019889,190,0xFA,0xFB
0.0019953,191,0xFC,0xFD
0.0019973,191,0xFD,0xFE
0.0019993,191,0xFE,0xFF
0.0020057,192,0x00,0x01
0.0020077,192,0x01,0x02
0.0020097,192,0x02,0x03
0.0020161,193,0x04,0x05
0.0020181,193,0x05,0x06
0.0020201,193,0x06,0x07
0.0020265,194,0x08,0x09
0.0020285,194,0x09,0x0A
0.0020305,194,0x0A,0x0B
0.0020369,195,0x0C,0x0D
0.0020389,195,0x0D,0x0E
0.0020409,195,0x0E,0x0F
0.0020473,196,0x10,0x11
0.0020493,196,0x11,0x12
0.0020513,196,0x12,0x13
0.0020577,197,0x14,0x15
0.0020597,197,0x15,0x16
0.0020617,197,0x16,0x17
0.0020681,198,0x18,0x19
0.0020701,198,0x19,0x1A
0.0020721,198,0x1A,0x1B
0.0020785,199,0x1C,0x1D
0.0020805,199,0x1D,0x1E
0.0020825,199,0x1E,0x1F
0.0020889,200,0x20,0x21
0.0020909,200,0x21,0x22
0.0020929,200,0x22,0x23
0.0020993,201,0x24,0x25
0.0021013,201,0x25,0x26
0.0021033,201,0x26,0x27
0.0021097,202,0x28,0x29
0.0021117,202,0x29,0x2A
0.0021137,202,0x2A,0x2B
0.0021201,203,0x2C,0x2D
0.0021221,203,0x2D,0x2E
0.0021241,203,0x2E,0x2F
0.0021305,204,0x30,0x31
0.0021325,204,0x31,0x32
0.0021345,204,0x32,0x33
0.0021409,205,0x34,0x35
0.0021429,205,0x35,0x36
0.0021449,205,0x36,0x37
0.0021513,206,0x38,0x39
0.0021533,206,0x39,0x3A
0.0021553,206,0x3A,0x3B
0.0021617,207,0x3C,0x3D
0.0021637,207,0x3D,0x3E
0.0021657,207,0x3E,0x3F
0.0021721,208,0x40,0x41
0.0021741,208,0x41,0x42
0.0021761,208,0x42,0x43
0.0021825,209,0x44,0x45
0.0021845,209,0x45,0x46
0.0021865,209,0x46,0x47
0.0021929,210,0x48,0x49
0.0021949,210,0x49,0x4A
0.0021969,210,0x4A,0x4B
0.0022033,211,0x4C,0x4D
0.0022053,211,0x4D,0x4E
0.0022073,211,0x4E,0x4F
0.0022137,212,0x50,0x51
0.0022157,212,0x51,0x52
0.0022177,212,0x52,0x53
0.0022241,213,0x54,0x55
0.0022261,213,0x55,0x56
0.0022281,213,0x56,0x57
0.0022345,214,0x58,0x59
0.0022365,214,0x59,0x5A
0.0022385,214,0x5A,0x5B
0.0022449,215,0x5C,0x5D
0.0022469,215,0x5D,0x5E
0.0022489,215,0x5E,0x5F
0.0022553,216,0x60,0x61
0.0022573,216,0x61,0x62
0.0022593,216,0x62,0x63
0.0022657,217,0x64,0x65
0.0022677,217,0x65,0x66
0.0022697,217,0x66,0x67
0.0022761,218,0x68,0x69
0.0022781,218,0x69,0x6A
0.0022801,218,0x6A,0x6B
0.0022865,219,0x6C,0x6D
0.0022885,219,0x6D,0x6E
0.0022905,219,0x6E,0x6F
0.0022969,220,0x70,0x71
0.0022989,220,0x71,0x72
0.0023009,220,0x72,0x73
0.0023073,221,0x74,0x75
0.0023093,221,0x75,0x76
0.0023113,221,0x76,0x77
0.0023177,222,0x78,0x79
0.0023197,222,0x79,0x7A
0.0023217,222,0x7A,0x7B
0.0023281,223,0x7C,0x7D
0.0023301,223,0x7D,0x7E
0.0023321,223,0x7E,0x7F
0.0023385,224,0x80,0x81
0.0023405,224,0x81,0x82
0.0023425,224,0x82,0x83
0.0023489,225,0x84,0x85
0.0023509,225,0x85,0x86
0.0023529,225,0x86,0x87
0.0023593,226,0x88,0x89
0.0023613,226,0x89,0x8A
0.0023633,226,0x8A,0x8B
0.0023697,227,0x8C,0x8D
0.0023717,227,0x8D,0x8E
0.0023737,227,0x8E,0x8F
0.0023801,228,0x90,0x91
0.0023821,228,0x91,0x92
0.0023841,228,0x92,0x93
0.0023905,229,0x94,0x95
0.0023925,229,0x95,0x96
0.0023945,229,0x96,0x97
0.0024009,230,0x98,0x99
0.0024029,230,0x99,0x9A
0.0024049,230,0x9A,0x9B
0.0024113,231,0x9C,0x9D
0.0024133,231,0x9D,0x9E
0.0024153,231,0x9E,0x9F
0.0024217,232,0xA0,0xA1
0.0024237,232,0xA1,0xA2
0.0024257,232,0xA2,0xA3
0.0024321,233,0xA4,0xA5
0.0024341,233,0xA5,0xA6
0.0024361,233,0xA6,0xA7
0.0024425,234,0xA8,0xA9
0.0024445,234,0xA9,0xAA
0.0024465,234,0xAA,0xAB
0.0024529,235,0xAC,0xAD
0.0024549,235,0xAD,0xAE
0.0024569,235,0xAE,0xAF
0.0024633,236,0xB0,0xB1
0.0024653,236,0xB1,0xB2
0.0024673,236,0xB2,0xB3
0.0024737,237,0xB4,0xB5
0.0024757,237,0xB5,0xB6
0.0024777,237,0xB6,0xB7
0.0024841,238,0xB8,0xB9
0.0024861,238,0xB9,0xBA
0.0024881,238,0xBA,0xBB
0.0024945,239,0xBC,0xBD
0.0024965,239,0xBD,0xBE
0.0024985,239,0xBE,0xBF
0.0025049,240,0xC0,0xC1
0.0025069,240,0xC1,0xC2
0.0025089,240,0xC2,0xC3
0.0025153,241,0xC4,0xC5
0.0025173,241,0xC5,0xC6
0.0025193,241,0xC6,0xC7
0.0025257,242,0xC8,0xC9
0.0025277,242,0xC9,0xCA
0.0025297,242,0xCA,0xCB
0.0025361,243,0xCC,0xCD
0.0025381,243,0xCD,0xCE
0.0025401,243,0xCE,0xCF
0.0025465,244,0xD0,0xD1
0.0025485,244,0xD1,0xD2
0.0025505,244,0xD2,0xD3
0.0025569,245,0xD4,0xD5
0.0025589,245,0xD5,0xD6
0.0025609,245,0xD6,0xD7
0.0025673,246,0xD8,0xD9
0.0025693,246,0xD9,0xDA
0.0025713,246,0xDA,0xDB
0.0025777,247,0xDC,0xDD
0.0025797,247,0xDD,0xDE
0.0025817,247,0xDE,0xDF
0.0025881,248,0xE0,0xE1
0.0025901,248,0xE1,0xE2
0.0025921,248,0xE2,0xE3
0.0025985,249,0xE4,0xE5
0.0026005,249,0xE5,0xE6
0.0026025,249,0xE6,0xE7
0.0026089,250,0xE8,0xE9
0.0026109,250,0xE9,0xEA
0.0026129,250,0xEA,0xEB
0.0026193,251,0xEC,0xED
0.0026213,251,0xED,0xEE
0.0026233,251,0xEE,0xEF
0.0026297,252,0xF0,0xF1
0.0026317,252,0xF1,0xF2
0.0026337,252,0xF2,0xF3
0.0026401,253,0xF4,0xF5
0.0026421,253,0xF5,0xF6
0.0026441,253,0xF6,0xF7
0.0026505,254,0xF8,0xF9
0.0026525,254,0xF9,0xFA
0.0026545,254,0xFA,0xFB
0.0026609,255,0xFC,0xFD
0.0026629,255,0xFD,0xFE
0.0026649,255,0xFE,0xFF
0.0026713,256,0x00,0x01
0.0026733,256,0x01,0x02
0.0026753,256,0x02,0x03
0.0026817,257,0x04,0x05
0.0026837,257,0x05,0x06
0.0026857,257,0x06,0x07
0.0026921,258,0x08,0x09
0.0026941,258,0x09,0x0A
0.0026961,258,0x0A,0x0B
0.0027025,259,0x0C,0x0D
0.0027045,259,0x0D,0x0E
0.0027065,259,0x0E,0x0F
0.0027129,260,0x10,0x11
0.0027149,260,0x11,0x12
0.0027169,260,0x12,0x13
0.0027233,261,0x14,0x15
0.0027253,261,0x15,0x16
0.0027273,261,0x16,0x17
0.0027337,262,0x18,0x19
0.0027357,262,0x19,0x1A
0.0027377,262,0x1A,0x1B
0.0027441,263,0x1C,0x1D
0.0027461,263,0x1D,0x1E
0.0027481,263,0x1E,0x1F
0.0027545,264,0x20,0x21
0.0027565,264,0x21,0x22
0.0027585,264,0x22,0x23
0.0027649,265,0x24,0x25
0.0027669,265,0x25,0x26
0.0027689,265,0x26,0x27
0.0027753,266,0x28,0x29
0.0027773,266,0x29,0x2A
0.0027793,266,0x2A,0x2B
0.0027857,267,0x2C,0x2D
0.0027877,267,0x2D,0x2E
0.0027897,267,0x2E,0x2F
0.0027961,268,0x30,0x31
0.0027981,268,0x31,0x32
0.0028001,268,0x32,0x33
0.0028065,269,0x34,0x35
0.0028085,269,0x35,0x36
0.0028105,269,0x36,0x37
0.0028169,270,0x38,0x39
0.0028189,270,0x39,0x3A
0.0028209,270,0x3A,0x3B
0.0028273,271,0x3C,0x3D
0.0028293,271,0x3D,0x3E
0.0028313,271,0x3E,0x3F
0.0028377,272,0x40,0x41
0.0028397,272,0x41,0x42
0.0028417,272,0x42,0x43
0.0028481,273,0x44,0x45
0.0028501,273,0x45,0x46
0.0028521,273,0x46,0x47
0.0028585,274,0x48,0x49
0.0028605,274,0x49,0x4A
0.0028625,274,0x4A,0x4B
0.0028689,275,0x4C,0x4D
0.0028709,275,0x4D,0x4E
0.0028729,275,0x4E,0x4F
0.0028793,276,0x50,0x51
0.0028813,276,0x51,0x52
0.0028833,276,0x52,0x53
0.0028897,277,0x54,0x55
0.0028917,277,0x55,0x56
0.0028937,277,0x56,0x57
0.0029001,278,0x58,0x59
0.0029021,278,0x59,0x5A
0.0029041,278,0x5A,0x5B
0.0029105,279,0x5C,0x5D
0.0029125,279,0x5D,0x5E
0.0029145,279,0x5E,0x5F
0.0029209,280,0x60,0x61
0.0029229,280,0x61,0x62
0.0029249,280,0x62,0x63
0.0029313,281,0x64,0x65
0.0029333,281,0x65,0x66
0.0029353,281,0x66,0x67
0.0029417,282,0x68,0x69
0.0029437,282,0x69,0x6A
0.0029457,282,0x6A,0x6B
0.0029521,283,0x6C,0x6D
0.0029541,283,0x6D,0x6E
0.0029561,283,0x6E,0x6F
0.0029625,284,0x70,0x71
0.0029645,284,0x71,0x72
0.0029665,284,0x72,0x73
0.0029729,285,0x74,0x75
0.0029749,285,0x75,0x76
0.0029769,285,0x76,0x77
0.0029833,286,0x78,0x79
0.0029853,286,0x79,0x7A
0.0029873,286,0x7A,0x7B
0.0029937,287,0x7C,0x7D
0.0029957,287,0x7D,0x7E
0.0029977,287,0x7E,0x7F
0.0030041,288,0x80,0x81
0.0030061,288,0x81,0x82
0.0030081,288,0x82,0x83
0.0030145,289,0x84,0x85
0.0030165,289,0x85,0x86
0.0030185,289,0x86,0x87
0.0030249,290,0x88,0x89
0.0030269,290,0x89,0x8A
0.0030289,290,0x8A,0x8B
0.0030353,291,0x8C,0x8D
0.0030373,291,0x8D,0x8E
0.0030393,291,0x8E,0x8F
0.0030457,292,0x90,0x91
0.0030477,292,0x91,0x92
0.0030497,292,0x92,0x93
0.0030561,293,0x94,0x95
0.0030581,293,0x95,0x96
0.0030601,293,0x96,0x97
0.0030665,294,0x98,0x99
0.0030685,294,0x99,0x9A
0.0030705,294,0x9A,0x9B
0.0030769,295,0x9C,0x9D
0.0030789,295,0x9D,0x9E
0.0030809,295,0x9E,0x9F
0.0030873,296,0xA0,0xA1
0.0030893,296,0xA1,0xA2
0.0030913,296,0xA2,0xA3
0.0030977,297,0xA4,0xA5
0.0030997,297,0xA5,0xA6
0.0031017,297,0xA6,0xA7
0.0031081,298,0xA8,0xA9
0.0031101,298,0xA9,0xAA
0.0031121,298,0xAA,0xAB
0.0031185,299,0xAC,0xAD
0.0031205,299,0xAD,0xAE
0.0031225,299,0xAE,0xAF
0.0031289,300,0xB0,0xB1
0.0031309,300,0xB1,0xB2
0.0031329,300,0xB2,0xB3
0.0031393,301,0xB4,0xB5
0.0031413,301,0xB5,0xB6
0.0031433,301,0xB6,0xB7
0.0031497,302,0xB8,0xB9
0.0031517,302,0xB9,0xBA
0.0031537,302,0xBA,0xBB
0.0031601,303,0xBC,0xBD
0.0031621,303,0xBD,0xBE
0.0031641,303,0xBE,0xBF
0.0031705,304,0xC0,0xC1
0.0031725,304,0xC1,0xC2
0.0031745,304,0xC2,0xC3
0.0031809,305,0xC4,0xC5
0.0031829,305,0xC5,0xC6
0.0031849,305,0xC6,0xC7
0.0031913,306,0xC8,0xC9
0.0031933,306,0xC9,0xCA
0.0031953,306,0xCA,0xCB
0.0032017,307,0xCC,0xCD
0.0032037,307,0xCD,0xCE
0.0032057,307,0xCE,0xCF
0.0032121,308,0xD0,0xD1
0.0032141,308,0xD1,0xD2
0.0032161,308,0xD2,0xD3
0.0032225,309,0xD4,0xD5
0.0032245,309,0xD5,0xD6
0.0032265,309,0xD6,0xD7
0.0032329,310,0xD8,0xD9
0.0032349,310,0xD9,0xDA
0.0032369,310,0xDA,0xDB
0.0032433,311,0xDC,0xDD
0.0032453,311,0xDD,0xDE
0.0032473,311,0xDE,0xDF
0.0032537,312,0xE0,0xE1
0.0032557,312,0xE1,0xE2
0.0032577,312,0xE2,0xE3
0.0032641,313,0xE4,0xE5
0.0032661,313,0xE5,0xE6
0.0032681,313,0xE6,0xE7
0.0032745,314,0xE8,0xE9
0.0032765,314,0xE9,0xEA
0.0032785,314,0xEA,0xEB
0.0032849,315,0xEC,0xED
0.0032869,315,0xED,0xEE
0.0032889,315,0xEE,0xEF
0.0032953,316,0xF0,0xF1
0.0032973,316,0xF1,0xF2
0.0032993,316,0xF2,0xF3
0.0033057,317,0xF4,0xF5
0.0033077,317,0xF5,0xF6
0.0033097,317,0xF6,0xF7
0.0033161,318,0xF8,0xF9
0.0033181,318,0xF9,0xFA
0.0033201,318,0xFA,0xFB
0.0033265,319,0xFC,0xFD
0.0033285,319,0xFD,0xFE
0.0033305,319,0xFE,0xFF
0.0033369,320,0x00,0x01
0.0033389,320,0x01,0x02
0.0033409,320,0x02,0x03
0.0033473,321,0x04,0x05
0.0033493,321,0x05,0x06
0.0033513,321,0x06,0x07
0.0033577,322,0x08,0x09
0.0033597,322,0x09,0x0A
0.0033617,322,0x0A,0x0B
0.0033681,323,0x0C,0x0D
0.0033701,323,0x0D,0x0E
0.0033721,323,0x0E,0x0F
0.0033785,324,0x10,0x11
0.0033805,324,0x11,0x12
0.0033825,324,0x12,0x13
0.0033889,325,0x14,0x15
0.0033909,325,0x15,0x16
0.0033929,325,0x16,0x17
0.0033993,326,0x18,0x19
0.0034013,326,0x19,0x1A
0.0034033,326,0x1A,0x1B
0.0034097,327,0x1C,0x1D
0.0034117,327,0x1D,0x1E
0.0034137,327,0x1E,0x1F
0.0034201,328,0x20,0x21
0.0034221,328,0x21,0x22
0.0034241,328,0x22,0x23
0.0034305,329,0x24,0x25
0.0034325,329,0x25,0x26
0.0034345,329,0x26,0x27
0.0034409,330,0x28,0x29
0.0034429,330,0x29,0x2A
0.0034449,330,0x2A,0x2B
0.0034513,331,0x2C,0x2D
0.0034533,331,0x2D,0x2E
0.0034553,331,0x2E,0x2F
0.0034617,332,0x30,0x31
0.0034637,332,0x31,0x32
0.0034657,332,0x32,0x33
0.0034721,333,0x34,0x35
0.0034741,333,0x35,0x36
0.0034761,333,0x36,0x37
0.0034825,334,0x38,0x39
0.0034845,334,0x39,0x3A
0.0034865,334,0x3A,0x3B
0.0034929,335,0x3C,0x3D
0.0034949,335,0x3D,0x3E
0.0034969,335,0x3E,0x3F
0.0035033,336,0x40,0x41
0.0035053,336,0x41,0x42
0.0035073,336,0x42,0x43
0.0035137,337,0x44,0x45
0.0035157,337,0x45,0x46
0.0035177,337,0x46,0x47
0.0035241,338,0x48,0x49
0.0035261,338,0x49,0x4A
0.0035281,338,0x4A,0x4B
0.0035345,339,0x4C,0x4D
0.0035365,339,0x4D,0x4E
0.0035385,339,0x4E,0x4F
0.0035449,340,0x50,0x51
0.0035469,340,0x51,0x52
0.0035489,340,0x52,0x53
0.0035553,341,0x54,0x55
0.0035573,341,0x55,0x56
0.0035593,341,0x56,0x57
0.0035657,342,0x58,0x59
0.0035677,342,0x59,0x5A
0.0035697,342,0x5A,0x5B
0.0035761,343,0x5C,0x5D
0.0035781,343,0x5D,0x5E
0.0035801,343,0x5E,0x5F
0.0035865,344,0x60,0x61
0.0035885,344,0x61,0x62
0.0035905,344,0x62,0x63
0.0035969,345,0x64,0x65
0.0035989,345,0x65,0x66
0.0036009,345,0x66,0x67
0.0036073,346,0x68,0x69
0.0036093,346,0x69,0x6A
0.0036113,346,0x6A,0x6B
0.0036177,347,0x6C,0x6D
0.0036197,347,0x6D,0x6E
0.0036217,347,0x6E,0x6F
0.0036281,348,0x70,0x71
0.0036301,348,0x71,0x72
0.0036321,348,0x72,0x73
0.0036385,349,0x74,0x75
0.0036405,349,0x75,0x76
0.0036425,349,0x76,0x77
0.0036489,350,0x78,0x79
0.0036509,350,0x79,0x7A
0.0036529,350,0x7A,0x7B
0.0036593,351,0x7C,0x7D
0.0036613,351,0x7D,0x7E
0.0036633,351,0x7E,0x7F
0.0036697,352,0x80,0x81
0.0036717,352,0x81,0x82
0.0036737,352,0x82,0x83
0.0036801,353,0x84,0x85
0.0036821,353,0x85,0x86
0.0036841,353,0x86,0x87
0.0036905,354,0x88,0x89
0.0036925,354,0x89,0x8A
0.0036945,354,0x8A,0x8B
0.0037009,355,0x8C,0x8D
0.0037029,355,0x8D,0x8E
0.0037049,355,0x8E,0x8F
0.0037113,356,0x90,0x91
0.0037133,356,0x91,0x92
0.0037153,356,0x92,0x93
0.0037217,357,0x94,0x95
0.0037237,357,0x95,0x96
0.0037257,357,0x96,0x97
0.0037321,358,0x98,0x99
0.0037341,358,0x99,0x9A
0.0037361,358,0x9A,0x9B
0.0037425,359,0x9C,0x9D
0.0037445,359,0x9D,0x9E
0.0037465,359,0x9E,0x9F
0.0037529,360,0xA0,0xA1
0.0037549,360,0xA1,0xA2
0.0037569,360,0xA2,0xA3
0.0037633,361,0xA4,0xA5
0.0037653,361,0xA5,0xA6
0.0037673,361,0xA6,0xA7
0.0037737,362,0xA8,0xA9
0.0037757,362,0xA9,0xAA
0.0037777,362,0xAA,0xAB
0.0037841,363,0xAC,0xAD
0.0037861,363,0xAD,0xAE
0.0037881,363,0xAE,0xAF
0.0037945,364,0xB0,0xB1
0.0037965,364,0xB1,0xB2
0.0037985,364,0xB2,0xB3
0.0038049,365,0xB4,0xB5
0.0038069,365,0xB5,0xB6
0.0038089,365,0xB6,0xB7
0.0038153,366,0xB8,0xB9
0.0038173,366,0xB9,0xBA
0.0038193,366,0xBA,0xBB
0.0038257,367,0xBC,0xBD
0.0038277,367,0xBD,0xBE
0.0038297,367,0xBE,0xBF
0.0038361,368,0xC0,0xC1
0.0038381,368,0xC1,0xC2
0.0038401,368,0xC2,0xC3
0.0038465,369,0xC4,0xC5
0.0038485,369,0xC5,0xC6
0.0038505,369,0xC6,0xC7
0.0038569,370,0xC8,0xC9
0.0038589,370,0xC9,0xCA
0.0038609,370,0xCA,0xCB
0.0038673,371,0xCC,0xCD
0.0038693,371,0xCD,0xCE
0.0038713,371,0xCE,0xCF
0.0038777,372,0xD0,0xD1
0.0038797,372,0xD1,0xD2
0.0038817,372,0xD2,0xD3
0.0038881,373,0xD4,0xD5
0.0038901,373,0xD5,0xD6
0.0038921,373,0xD6,0xD7
0.0038985,374,0xD8,0xD9
0.0039005,374,0xD9,0xDA
0.0039025,374,0xDA,0xDB
0.0039089,375,0xDC,0xDD
0.0039109,375,0xDD,0xDE
0.0039129,375,0xDE,0xDF
0.0039193,376,0xE0,0xE1
0.0039213,376,0xE1,0xE2
0.0039233,376,0xE2,0xE3
0.0039297,377,0xE4,0xE5
0.0039317,377,0xE5,0xE6
0.0039337,377,0xE6,0xE7
0.0039401,378,0xE8,0xE9
0.0039421,378,0xE9,0xEA
0.0039441,378,0xEA,0xEB
0.0039505,379,0xEC,0xED
0.0039525,379,0xED,0xEE
0.0039545,379,0xEE,0xEF
0.0039609,380,0xF0,0xF1
0.0039629,380,0xF1,0xF2
0.0039649,380,0xF2,0xF3
0.0039713,381,0xF4,0xF5
0.0039733,381,0xF5,0xF6
0.0039753,381,0xF6,0xF7
0.0039817,382,0xF8,0xF9
0.0039837,382,0xF9,0xFA
0.0039857,382,0xFA,0xFB
0.0039921,383,0xFC,0xFD
0.0039941,383,0xFD,0xFE
0.0039961,383,0xFE,0xFF
0.0040025,384,0x00,0x01
0.0040045,384,0x01,0x02
0.0040065,384,0x02,0x03
0.0040129,385,0x04,0x05
0.0040149,385,0x05,0x06
0.0040169,385,0x06,0x07
0.0040233,386,0x08,0x09
0.0040253,386,0x09,0x0A
0.0040273,386,0x0A,0x0B
0.0040337,387,0x0C,0x0D
0.0040357,387,0x0D,0x0E
0.0040377,387,0x0E,0x0F
0.0040441,388,0x10,0x11
0.0040461,388,0x11,0x12
0.0040481,388,0x12,0x13
0.0040545,389,0x14,0x15
0.0040565,389,0x15,0x16
0.0040585,389,0x16,0x17
0.0040649,390,0x18,0x19
0.0040669,390,0x19,0x1A
0.0040689,390,0x1A,0x1B
0.0040753,391,0x1C,0x1D
0.0040773,391,0x1D,0x1E
0.0040793,391,0x1E,0x1F
0.0040857,392,0x20,0x21
0.0040877,392,0x21,0x22
0.0040897,392,0x22,0x23
0.0040961,393,0x24,0x25
0.0040981,393,0x25,0x26
0.0041001,393,0x26,0x27
0.0041065,394,0x28,0x29
0.0041085,394,0x29,0x2A
0.0041105,394,0x2A,0x2B
0.0041169,395,0x2C,0x2D
0.0041189,395,0x2D,0x2E
0.0041209,395,0x2E,0x2F
0.0041273,396,0x30,0x31
0.0041293,396,0x31,0x32
0.0041313,396,0x32,0x33
0.0041377,397,0x34,0x35
0.0041397,397,0x35,0x36
0.0041417,397,0x36,0x37
0.0041481,398,0x38,0x39
0.0041501,398,0x39,0x3A
0.0041521,398,0x3A,0x3B
0.0041585,399,0x3C,0x3D
0.0041605,399,0x3D,0x3E
0.0041625,399,0x3E,0x3F
0.0041689,400,0x40,0x41
0.0041709,400,0x41,0x42
0.0041729,400,0x42,0x43
0.0041793,401,0x44,0x45
0.0041813,401,0x45,0x46
0.0041833,401,0x46,0x47
0.0041897,402,0x48,0x49
0.0041917,402,0x49,0x4A
0.0041937,402,0x4A,0x4B
0.0042001,403,0x4C,0x4D
0.0042021,403,0x4D,0x4E
0.0042041,403,0x4E,0x4F
0.0042105,404,0x50,0x51
0.0042125,404,0x51,0x52
0.0042145,404,0x52,0x53
0.0042209,405,0x54,0x55
0.0042229,405,0x55,0x56
0.0042249,405,0x56,0x57
0.0042313,406,0x58,0x59
0.0042333,406,0x59,0x5A
0.0042353,406,0x5A,0x5B
0.0042417,407,0x5C,0x5D
0.0042437,407,0x5D,0x5E
0.0042457,407,0x5E,0x5F
0.0042521,408,0x60,0x61
0.0042541,408,0x61,0x62
0.0042561,408,0x62,0x63
0.0042625,409,0x64,0x65
0.0042645,409,0x65,0x66
0.0042665,409,0x66,0x67
0.0042729,410,0x68,0x69
0.0042749,410,0x69,0x6A
0.0042769,410,0x6A,0x6B
0.0042833,411,0x6C,0x6D
0.0042853,411,0x6D,0x6E
0.0042873,411,0x6E,0x6F
0.0042937,412,0x70,0x71
0.0042957,412,0x71,0x72
0.0042977,412,0x72,0x73
0.0043041,413,0x74,0x75
0.0043061,413,0x75,0x76
0.0043081,413,0x76,0x77
0.0043145,414,0x78,0x79
0.0043165,414,0x79,0x7A
0.0043185,414,0x7A,0x7B
0.0043249,415,0x7C,0x7D
0.0043269,415,0x7D,0x7E
0.0043289,415,0x7E,0x7F
0.0043353,416,0x80,0x81
0.0043373,416,0x81,0x82
0.0043393,416,0x82,0x83
0.0043457,417,0x84,0x85
0.0043477,417,0x85,0x86
0.0043497,417,0x86,0x87
0.0043561,418,0x88,0x89
0.0043581,418,0x89,0x8A
0.0043601,418,0x8A,0x8B
0.0043665,419,0x8C,0x8D
0.0043685,419,0x8D,0x8E
0.0043705,419,0x8E,0x8F
0.0043769,420,0x90,0x91
0.0043789,420,0x91,0x92
0.0043809,420,0x92,0x93
0.0043873,421,0x94,0x95
0.0043893,421,0x95,0x96
0.0043913,421,0x96,0x97
0.0043977,422,0x98,0x99
0.0043997,422,0x99,0x9A
0.0044017,422,0x9A,0x9B
0.0044081,423,0x9C,0x9D
0.0044101,423,0x9D,0x9E
0.0044121,423,0x9E,0x9F
0.0044185,424,0xA0,0xA1
0.0044205,424,0xA1,0xA2
0.0044225,424,0xA2,0xA3
0.0044289,425,0xA4,0xA5
0.0044309,425,0xA5,0xA6
0.0044329,425,0xA6,0xA7
0.0044393,426,0xA8,0xA9
0.0044413,426,0xA9,0xAA
0.0044433,426,0xAA,0xAB
0.0044497,427,0xAC,0xAD
0.0044517,427,0xAD,0xAE
0.0044537,427,0xAE,0xAF
0.0044601,428,0xB0,0xB1
0.0044621,428,0xB1,0xB2
0.0044641,428,0xB2,0xB3
0.0044705,429,0xB4,0xB5
0.0044725,429,0xB5,0xB6
0.0044745,429,0xB6,0xB7
0.0044809,430,0xB8,0xB9
0.0044829,430,0xB9,0xBA
0.0044849,430,0xBA,0xBB
0.0044913,431,0xBC,0xBD
0.0044933,431,0xBD,0xBE
0.0044953,431,0xBE,0xBF
0.0045017,432,0xC0,0xC1
0.0045037,432,0xC1,0xC2
0.0045057,432,0xC2,0xC3
0.0045121,433,0xC4,0xC5
0.0045141,433,0xC5,0xC6
0.0045161,433,0xC6,0xC7
0.0045225,434,0xC8,0xC9
0.0045245,434,0xC9,0xCA
0.0045265,434,0xCA,0xCB
0.0045329,435,0xCC,0xCD
0.0045349,435,0xCD,0xCE
0.0045369,435,0xCE,0xCF
0.0045433,436,0xD0,0xD1
0.0045453,436,0xD1,0xD2
0.0045473,436,0xD2,0xD3
0.0045537,437,0xD4,0xD5
0.0045557,437,0xD5,0xD6
0.0045577,437,0xD6,0xD7
0.0045641,438,0xD8,0xD9
0.0045661,438,0xD9,0xDA
0.0045681,438,0xDA,0xDB
0.0045745,439,0xDC,0xDD
0.0045765,439,0xDD,0xDE
0.0045785,439,0xDE,0xDF
0.0045849,440,0xE0,0xE1
0.0045869,440,0xE1,0xE2
0.0045889,440,0xE2,0xE3
0.0045953,441,0xE4,0xE5
0.0045973,441,0xE5,0xE6
0.0045993,441,0xE6,0xE7
0.0046057,442,0xE8,0xE9
0.0046077,442,0xE9,0xEA
0.0046097,442,0xEA,0xEB
0.0046161,443,0xEC,0xED
0.0046181,443,0xED,0xEE
0.0046201,443,0xEE,0xEF
0.0046265,444,0xF0,0xF1
0.0046285,444,0xF1,0xF2
0.0046305,444,0xF2,0xF3
0.0046369,445,0xF4,0xF5
0.0046389,445,0xF5,0xF6
0.0046409,445,0xF6,0xF7
0.0046473,446,0xF8,0xF9
0.0046493,446,0xF9,0xFA
0.0046513,446,0xFA,0xFB
0.0046577,447,0xFC,0xFD
0.0046597,447,0xFD,0xFE
0.0046617,447,0xFE,0xFF
0.0046681,448,0x00,0x01
0.0046701,448,0x01,0x02
0.0046721,448,0x02,0x03
0.0046785,449,0x04,0x05
0.0046805,449,0x05,0x06
0.0046825,449,0x06,0x07
0.0046889,450,0x08,0x09
0.0046909,450,0x09,0x0A
0.0046929,450,0x0A,0x0B
0.0046993,451,0x0C,0x0D
0.0047013,451,0x0D,0x0E
0.0047033,451,0x0E,0x0F
0.0047097,452,0x10,0x11
0.0047117,452,0x11,0x12
0.0047137,452,0x12,0x13
0.0047201,453,0x14,0x15
0.0047221,453,0x15,0x16
0.0047241,453,0x16,0x17
0.0047305,454,0x18,0x19
0.0047325,454,0x19,0x1A
0.0047345,454,0x1A,0x1B
0.0047409,455,0x1C,0x1D
0.0047429,455,0x1D,0x1E
0.0047449,455,0x1E,0x1F
0.0047513,456,0x20,0x21
0.0047533,456,0x21,0x22
0.0047553,456,0x22,0x23
0.0047617,457,0x24,0x25
0.0047637,457,0x25,0x26
0.0047657,457,0x26,0x27
0.0047721,458,0x28,0x29
0.0047741,458,0x29,0x2A
0.0047761,458,0x2A,0x2B
0.0047825,459,0x2C,0x2D
0.0047845,459,0x2D,0x2E
0.0047865,459,0x2E,0x2F
0.0047929,460,0x30,0x31
0.0047949,460,0x31,0x32
0.0047969,460,0x32,0x33
0.0048033,461,0x34,0x35
0.0048053,461,0x35,0x36
0.0048073,461,0x36,0x37
0.0048137,462,0x38,0x39
0.0048157,462,0x39,0x3A
0.0048177,462,0x3A,0x3B
0.0048241,463,0x3C,0x3D
0.0048261,463,0x3D,0x3E
0.0048281,463,0x3E,0x3F
0.0048345,464,0x40,0x41
0.0048365,464,0x41,0x42
0.0048385,464,0x42,0x43
0.0048449,465,0x44,0x45
0.0048469,465,0x45,0x46
0.0048489,465,0x46,0x47
0.0048553,466,0x48,0x49
0.0048573,466,0x49,0x4A
0.0048593,466,0x4A,0x4B
0.0048657,467,0x4C,0x4D
0.0048677,467,0x4D,0x4E
0.0048697,467,0x4E,0x4F
0.0048761,468,0x50,0x51
0.0048781,468,0x51,0x52
0.0048801,468,0x52,0x53
0.0048865,469,0x54,0x55
0.0048885,469,0x55,0x56
0.0048905,469,0x56,0x57
0.0048969,470,0x58,0x59
0.0048989,470,0x59,0x5A
0.0049009,470,0x5A,0x5B
0.0049073,471,0x5C,0x5D
0.0049093,471,0x5D,0x5E
0.0049113,471,0x5E,0x5F
0.0049177,472,0x60,0x61
0.0049197,472,0x61,0x62
0.0049217,472,0x62,0x63
0.0049281,473,0x64,0x65
0.0049301,473,0x65,0x66
0.0049321,473,0x66,0x67
0.0049385,474,0x68,0x69
0.0049405,474,0x69,0x6A
0.0049425,474,0x6A,0x6B
0.0049489,475,0x6C,0x6D
0.0049509,475,0x6D,0x6E
0.0049529,475,0x6E,0x6F
0.0049593,476,0x70,0x71
0.0049613,476,0x71,0x72
0.0049633,476,0x72,0x73
0.0049697,477,0x74,0x75
0.0049717,477,0x75,0x76
0.0049737,477,0x76,0x77
0.0049801,478,0x78,0x79
0.0049821,478,0x79,0x7A
0.0049841,478,0x7A,0x7B
0.0049905,479,0x7C,0x7D
0.0049925,479,0x7D,0x7E
0.0049945,479,0x7E,0x7F
0.0050009,480,0x80,0x81
0.0050029,480,0x81,0x82
0.0050049,480,0x82,0x83
0.0050113,481,0x84,0x85
0.0050133,481,0x85,0x86
0.0050153,481,0x86,0x87
0.0050217,482,0x88,0x89
0.0050237,482,0x89,0x8A
0.0050257,482,0x8A,0x8B
0.0050321,483,0x8C,0x8D
0.0050341,483,0x8D,0x8E
0.0050361,483,0x8E,0x8F
0.0050425,484,0x90,0x91
0.0050445,484,0x91,0x92
0.0050465,484,0x92,0x93
0.0050529,485,0x94,0x95
0.0050549,485,0x95,0x96
0.0050569,485,0x96,0x97
0.0050633,486,0x98,0x99
0.0050653,486,0x99,0x9A
0.0050673,486,0x9A,0x9B
0.0050737,487,0x9C,0x9D
0.0050757,487,0x9D,0x9E
0.0050777,487,0x9E,0x9F
0.0050841,488,0xA0,0xA1
0.0050861,488,0xA1,0xA2
0.0050881,488,0xA2,0xA3
0.0050945,489,0xA4,0xA5
0.0050965,489,0xA5,0xA6
0.0050985,489,0xA6,0xA7
0.0051049,490,0xA8,0xA9
0.0051069,490,0xA9,0xAA
0.0051089,490,0xAA,0xAB
0.0051153,491,0xAC,0xAD
0.0051173,491,0xAD,0xAE
0.0051193,491,0xAE,0xAF
0.0051257,492,0xB0,0xB1
0.0051277,492,0xB1,0xB2
0.0051297,492,0xB2,0xB3
0.0051361,493,0xB4,0xB5
0.0051381,493,0xB5,0xB6
0.0051401,493,0xB6,0xB7
0.0051465,494,0xB8,0xB9
0.0051485,494,0xB9,0xBA
0.0051505,494,0xBA,0xBB
0.0051569,495,0xBC,0xBD
0.0051589,495,0xBD,0xBE
0.0051609,495,0xBE,0xBF
0.0051673,496,0xC0,0xC1
0.0051693,496,0xC1,0xC2
0.0051713,496,0xC2,0xC3
0.0051777,497,0xC4,0xC5
0.0051797,497,0xC5,0xC6
0.0051817,497,0xC6,0xC7
0.0051881,498,0xC8,0xC9
0.0051901,498,0xC9,0xCA
0.0051921,498,0xCA,0xCB
0.0051985,499,0xCC,0xCD
0.0052005,499,0xCD,0xCE
0.0052025,499,0xCE,0xCF
0.0052089,500,0xD0,0xD1
0.0052109,500,0xD1,0xD2
0.0052129,500,0xD2,0xD3
0.0052193,501,0xD4,0xD5
0.0052213,501,0xD5,0xD6
0.0052233,501,0xD6,0xD7
0.0052297,502,0xD8,0xD9
0.0052317,502,0xD9,0xDA
0.0052337,502,0xDA,0xDB
0.0052401,503,0xDC,0xDD
0.0052421,503,0xDD,0xDE
0.0052441,503,0xDE,0xDF
0.0052505,504,0xE0,0xE1
0.0052525,504,0xE1,0xE2
0.0052545,504,0xE2,0xE3
0.0052609,505,0xE4,0xE5
0.0052629,505,0xE5,0xE6
0.0052649,505,0xE6,0xE7
0.0052713,506,0xE8,0xE9
0.0052733,506,0xE9,0xEA
0.0052753,506,0xEA,0xEB
0.0052817,507,0xEC,0xED
0.0052837,507,0xED,0xEE
0.0052857,507,0xEE,0xEF
0.0052921,508,0xF0,0xF1
0.0052941,508,0xF1,0xF2
0.0052961,508,0xF2,0xF3
0.0053025,509,0xF4,0xF5
0.0053045,509,0xF5,0xF6
0.0053065,509,0xF6,0xF7
0.0053129,510,0xF8,0xF9
0.0053149,510,0xF9,0xFA
0.0053169,510,0xFA,0xFB
0.0053233,511,0xFC,0xFD
0.0053253,511,0xFD,0xFE
0.0053273,511,0xFE,0xFF
0.0053337,512,0x00,0x01
0.0053357,512,0x01,0x02
0.0053377,512,0x02,0x03
0.0053441,513,0x04,0x05
0.0053461,513,0x05,0x06
0.0053481,513,0x06,0x07
0.0053545,514,0x08,0x09
0.0053565,514,0x09,0x0A
0.0053585,514,0x0A,0x0B
0.0053649,515,0x0C,0x0D
0.0053669,515,0x0D,0x0E
0.0053689,515,0x0E,0x0F
0.0053753,516,0x10,0x11
0.0053773,516,0x11,0x12
0.0053793,516,0x12,0x13
0.0053857,517,0x14,0x15
0.0053877,517,0x15,0x16
0.0053897,517,0x16,0x17
0.0053961,518,0x18,0x19
0.0053981,518,0x19,0x1A
0.0054001,518,0x1A,0x1B
0.0054065,519,0x1C,0x1D
0.0054085,519,0x1D,0x1E
0.0054105,519,0x1E,0x1F
0.0054169,520,0x20,0x21
0.0054189,520,0x21,0x22
0.0054209,520,0x22,0x23
0.0054273,521,0x24,0x25
0.0054293,521,0x25,0x26
0.0054313,521,0x26,0x27
0.0054377,522,0x28,0x29
0.0054397,522,0x29,0x2A
0.0054417,522,0x2A,0x2B
0.0054481,523,0x2C,0x2D
0.0054501,523,0x2D,0x2E
0.0054521,523,0x2E,0x2F
0.0054585,524,0x30,0x31
0.0054605,524,0x31,0x32
0.0054625,524,0x32,0x33
0.0054689,525,0x34,0x35
0.0054709,525,0x35,0x36
0.0054729,525,0x36,0x37
0.0054793,526,0x38,0x39
0.0054813,526,0x39,0x3A
0.0054833,526,0x3A,0x3B
0.0054897,527,0x3C,0x3D
0.0054917,527,0x3D,0x3E
0.0054937,527,0x3E,0x3F
0.0055001,528,0x40,0x41
0.0055021,528,0x41,0x42
0.0055041,528,0x42,0x43
0.0055105,529,0x44,0x45
0.0055125,529,0x45,0x46
0.0055145,529,0x46,0x47
0.0055209,530,0x48,0x49
0.0055229,530,0x49,0x4A
0.0055249,530,0x4A,0x4B
0.0055313,531,0x4C,0x4D
0.0055333,531,0x4D,0x4E
0.0055353,531,0x4E,0x4F
0.0055417,532,0x50,0x51
0.0055437,532,0x51,0x52
0.0055457,532,0x52,0x53
0.0055521,533,0x54,0x55
0.0055541,533,0x55,0x56
0.0055561,533,0x56,0x57
0.0055625,534,0x58,0x59
0.0055645,534,0x59,0x5A
0.0055665,534,0x5A,0x5B
0.0055729,535,0x5C,0x5D
0.0055749,535,0x5D,0x5E
0.0055769,535,0x5E,0x5F
0.0055833,536,0x60,0x61
0.0055853,536,0x61,0x62
0.0055873,536,0x62,0x63
0.0055937,537,0x64,0x65
0.0055957,537,0x65,0x66
0.0055977,537,0x66,0x67
0.0056041,538,0x68,0x69
0.0056061,538,0x69,0x6A
0.0056081,538,0x6A,0x6B
0.0056145,539,0x6C,0x6D
0.0056165,539,0x6D,0x6E
0.0056185,539,0x6E,0x6F
0.0056249,540,0x70,0x71
0.0056269,540,0x71,0x72
0.0056289,540,0x72,0x73
0.0056353,541,0x74,0x75
0.0056373,541,0x75,0x76
0.0056393,541,0x76,0x77
0.0056457,542,0x78,0x79
0.0056477,542,0x79,0x7A
0.0056497,542,0x7A,0x7B
0.0056561,543,0x7C,0x7D
0.0056581,543,0x7D,0x7E
0.0056601,543,0x7E,0x7F
0.0056665,544,0x80,0x81
0.0056685,544,0x81,0x82
0.0056705,544,0x82,0x83
0.0056769,545,0x84,0x85
0.0056789,545,0x85,0x86
0.0056809,545,0x86,0x87
0.0056873,546,0x88,0x89
0.0056893,546,0x89,0x8A
0.0056913,546,0x8A,0x8B
0.0056977,547,0x8C,0x8D
0.0056997,547,0x8D,0x8E
0.0057017,547,0x8E,0x8F
0.0057081,548,0x90,0x91
0.0057101,548,0x91,0x92
0.0057121,548,0x92,0x93
0.0057185,549,0x94,0x95
0.0057205,549,0x95,0x96
0.0057225,549,0x96,0x97
0.0057289,550,0x98,0x99
0.0057309,550,0x99,0x9A
0.0057329,550,0x9A,0x9B
0.0057393,551,0x9C,0x9D
0.0057413,551,0x9D,0x9E
0.0057433,551,0x9E,0x9F
0.0057497,552,0xA0,0xA1
0.0057517,552,0xA1,0xA2
0.0057537,552,0xA2,0xA3
0.0057601,553,0xA4,0xA5
0.0057621,553,0xA5,0xA6
0.0057641,553,0xA6,0xA7
0.0057705,554,0xA8,0xA9
0.0057725,554,0xA9,0xAA
0.0057745,554,0xAA,0xAB
0.0057809,555,0xAC,0xAD
0.0057829,555,0xAD,0xAE
0.0057849,555,0xAE,0xAF
0.0057913,556,0xB0,0xB1
0.0057933,556,0xB1,0xB2
0.0057953,556,0xB2,0xB3
0.0058017,557,0xB4,0xB5
0.0058037,557,0xB5,0xB6
0.0058057,557,0xB6,0xB7
0.0058121,558,0xB8,0xB9
0.0058141,558,0xB9,0xBA
0.0058161,558,0xBA,0xBB
0.0058225,559,0xBC,0xBD
0.0058245,559,0xBD,0xBE
0.0058265,559,0xBE,0xBF
0.0058329,560,0xC0,0xC1
0.0058349,560,0xC1,0xC2
0.0058369,560,0xC2,0xC3
0.0058433,561,0xC4,0xC5
0.0058453,561,0xC5,0xC6
0.0058473,561,0xC6,0xC7
0.0058537,562,0xC8,0xC9
0.0058557,562,0xC9,0xCA
0.0058577,562,0xCA,0xCB
0.0058641,563,0xCC,0xCD
0.0058661,563,0xCD,0xCE
0.0058681,563,0xCE,0xCF
0.0058745,564,0xD0,0xD1
0.0058765,564,0xD1,0xD2
0.0058785,564,0xD2,0xD3
0.0058849,565,0xD4,0xD5
0.0058869,565,0xD5,0xD6
0.0058889,565,0xD6,0xD7
0.0058953,566,0xD8,0xD9
0.0058973,566,0xD9,0xDA
0.0058993,566,0xDA,0xDB
0.0059057,567,0xDC,0xDD
0.0059077,567,0xDD,0xDE
0.0059097,567,0xDE,0xDF
0.0059161,568,0xE0,0xE1
0.0059181,568,0xE1,0xE2
0.0059201,568,0xE2,0xE3
0.0059265,569,0xE4,0xE5
0.0059285,569,0xE5,0xE6
0.0059305,569,0xE6,0xE7
0.0059369,570,0xE8,0xE9
0.0059389,570,0xE9,0xEA
0.0059409,570,0xEA,0xEB
0.0059473,571,0xEC,0xED
0.0059493,571,0xED,0xEE
0.0059513,571,0xEE,0xEF
0.0059577,572,0xF0,0xF1
0.0059597,572,0xF1,0xF2
0.0059617,572,0xF2,0xF3
0.0059681,573,0xF4,0xF5
0.0059701,573,0xF5,0xF6
0.0059721,573,0xF6,0xF7
0.0059785,574,0xF8,0xF9
0.0059805,574,0xF9,0xFA
0.0059825,574,0xFA,0xFB
0.0059889,575,0xFC,0xFD
0.0059909,575,0xFD,0xFE
0.0059929,575,0xFE,0xFF
0.0059993,576,0x00,0x01
0.0060013,576,0x01,0x02
0.0060033,576,0x02,0x03
0.0060097,577,0x04,0x05
0.0060117,577,0x05,0x06
0.0060137,577,0x06,0x07
0.0060201,578,0x08,0x09
0.0060221,578,0x09,0x0A
0.0060241,578,0x0A,0x0B
0.0060305,579,0x0C,0x0D
0.0060325,579,0x0D,0x0E
0.0060345,579,0x0E,0x0F
0.0060409,580,0x10,0x11
0.0060429,580,0x11,0x12
0.0060449,580,0x12,0x13
0.0060513,581,0x14,0x15
0.0060533,581,0x15,0x16
0.0060553,581,0x16,0x17
0.0060617,582,0x18,0x19
0.0060637,582,0x19,0x1A
0.0060657,582,0x1A,0x1B
0.0060721,583,0x1C,0x1D
0.0060741,583,0x1D,0x1E
0.0060761,583,0x1E,0x1F
0.0060825,584,0x20,0x21
0.0060845,584,0x21,0x22
0.0060865,584,0x22,0x23
0.0060929,585,0x24,0x25
0.0060949,585,0x25,0x26
0.0060969,585,0x26,0x27
0.0061033,586,0x28,0x29
0.0061053,586,0x29,0x2A
0.0061073,586,0x2A,0x2B
0.0061137,587,0x2C,0x2D
0.0061157,587,0x2D,0x2E
0.0061177,587,0x2E,0x2F
0.0061241,588,0x30,0x31
0.0061261,588,0x31,0x32
0.0061281,588,0x32,0x33
0.0061345,589,0x34,0x35
0.0061365,589,0x35,0x36
0.0061385,589,0x36,0x37
0.0061449,590,0x38,0x39
0.0061469,590,0x39,0x3A
0.0061489,590,0x3A,0x3B
0.0061553,591,0x3C,0x3D
0.0061573,591,0x3D,0x3E
0.0061593,591,0x3E,0x3F
0.0061657,592,0x40,0x41
0.0061677,592,0x41,0x42
0.0061697,592,0x42,0x43
0.0061761,593,0x44,0x45
0.0061781,593,0x45,0x46
0.0061801,593,0x46,0x47
0.0061865,594,0x48,0x49
0.0061885,594,0x49,0x4A
0.0061905,594,0x4A,0x4B
0.0061969,595,0x4C,0x4D
0.0061989,595,0x4D,0x4E
0.0062009,595,0x4E,0x4F
0.0062073,596,0x50,0x51
0.0062093,596,0x51,0x52
0.0062113,596,0x52,0x53
0.0062177,597,0x54,0x55
0.0062197,597,0x55,0x56
0.0062217,597,0x56,0x57
0.0062281,598,0x58,0x59
0.0062301,598,0x59,0x5A
0.0062321,598,0x5A,0x5B
0.0062385,599,0x5C,0x5D
0.0062405,599,0x5D,0x5E
0.0062425,599,0x5E,0x5F
0.0062489,600,0x60,0x61
0.0062509,600,0x61,0x62
0.0062529,600,0x62,0x63
0.0062593,601,0x64,0x65
0.0062613,601,0x65,0x66
0.0062633,601,0x66,0x67
0.0062697,602,0x68,0x69
0.0062717,602,0x69,0x6A
0.0062737,602,0x6A,0x6B
0.0062801,603,0x6C,0x6D
0.0062821,603,0x6D,0x6E
0.0062841,603,0x6E,0x6F
0.0062905,604,0x70,0x71
0.0062925,604,0x71,0x72
0.0062945,604,0x72,0x73
0.0063009,605,0x74,0x75
0.0063029,605,0x75,0x76
0.0063049,605,0x76,0x77
0.0063113,606,0x78,0x79
0.0063133,606,0x79,0x7A
0.0063153,606,0x7A,0x7B
0.0063217,607,0x7C,0x7D
0.0063237,607,0x7D,0x7E
0.0063257,607,0x7E,0x7F
0.0063321,608,0x80,0x81
0.0063341,608,0x81,0x82
0.0063361,608,0x82,0x83
0.0063425,609,0x84,0x85
0.0063445,609,0x85,0x86
0.0063465,609,0x86,0x87
0.0063529,610,0x88,0x89
0.0063549,610,0x89,0x8A
0.0063569,610,0x8A,0x8B
0.0063633,611,0x8C,0x8D
0.0063653,611,0x8D,0x8E
0.0063673,611,0x8E,0x8F
0.0063737,612,0x90,0x91
0.0063757,612,0x91,0x92
0.0063777,612,0x92,0x93
0.0063841,613,0x94,0x95
0.0063861,613,0x95,0x96
0.0063881,613,0x96,0x97
0.0063945,614,0x98,0x99
0.0063965,614,0x99,0x9A
0.0063985,614,0x9A,0x9B
0.0064049,615,0x9C,0x9D
0.0064069,615,0x9D,0x9E
0.0064089,615,0x9E,0x9F
0.0064153,616,0xA0,0xA1
0.0064173,616,0xA1,0xA2
0.0064193,616,0xA2,0xA3
0.0064257,617,0xA4,0xA5
0.0064277,617,0xA5,0xA6
0.0064297,617,0xA6,0xA7
0.0064361,618,0xA8,0xA9
0.0064381,618,0xA9,0xAA
0.0064401,618,0xAA,0xAB
0.0064465,619,0xAC,0xAD
0.0064485,619,0xAD,0xAE
0.0064505,619,0xAE,0xAF
0.0064569,620,0xB0,0xB1
0.0064589,620,0xB1,0xB2
0.0064609,620,0xB2,0xB3
0.0064673,621,0xB4,0xB5
0.0064693,621,0xB5,0xB6
0.0064713,621,0xB6,0xB7
0.0064777,622,0xB8,0xB9
0.0064797,622,0xB9,0xBA
0.0064817,622,0xBA,0xBB
0.0064881,623,0xBC,0xBD
0.0064901,623,0xBD,0xBE
0.0064921,623,0xBE,0xBF
0.0064985,624,0xC0,0xC1
0.0065005,624,0xC1,0xC2
0.0065025,624,0xC2,0xC3
0.0065089,625,0xC4,0xC5
0.0065109,625,0xC5,0xC6
0.0065129,625,0xC6,0xC7
0.0065193,626,0xC8,0xC9
0.0065213,626,0xC9,0xCA
0.0065233,626,0xCA,0xCB
0.0065297,627,0xCC,0xCD
0.0065317,627,0xCD,0xCE
0.0065337,627,0xCE,0xCF
0.0065401,628,0xD0,0xD1
0.0065421,628,0xD1,0xD2
0.0065441,628,0xD2,0xD3
0.0065505,629,0xD4,0xD5
0.0065525,629,0xD5,0xD6
0.0065545,629,0xD6,0xD7
0.0065609,630,0xD8,0xD9
0.0065629,630,0xD9,0xDA
0.0065649,630,0xDA,0xDB
0.0065713,631,0xDC,0xDD
0.0065733,631,0xDD,0xDE
0.0065753,631,0xDE,0xDF
0.0065817,632,0xE0,0xE1
0.0065837,632,0xE1,0xE2
0.0065857,632,0xE2,0xE3
0.0065921,633,0xE4,0xE5
0.0065941,633,0xE5,0xE6
0.0065961,633,0xE6,0xE7
0.0066025,634,0xE8,0xE9
0.0066045,634,0xE9,0xEA
0.0066065,634,0xEA,0xEB
0.0066129,635,0xEC,0xED
0.0066149,635,0xED,0xEE
0.0066169,635,0xEE,0xEF
0.0066233,636,0xF0,0xF1
0.0066253,636,0xF1,0xF2
0.0066273,636,0xF2,0xF3
0.0066337,637,0xF4,0xF5
0.0066357,637,0xF5,0xF6
0.0066377,637,0xF6,0xF7
0.0066441,638,0xF8,0xF9
0.0066461,638,0xF9,0xFA
0.0066481,638,0xFA,0xFB
0.0066545,639,0xFC,0xFD
0.0066565,639,0xFD,0xFE
0.0066585,639,0xFE,0xFF
0.0066649,640,0x00,0x01
0.0066669,640,0x01,0x02
0.0066689,640,0x02,0x03
0.0066753,641,0x04,0x05
0.0066773,641,0x05,0x06
0.0066793,641,0x06,0x07
0.0066857,642,0x08,0x09
0.0066877,642,0x09,0x0A
0.0066897,642,0x0A,0x0B
0.0066961,643,0x0C,0x0D
0.0066981,643,0x0D,0x0E
0.0067001,643,0x0E,0x0F
0.0067065,644,0x10,0x11
0.0067085,644,0x11,0x12
0.0067105,644,0x12,0x13
0.0067169,645,0x14,0x15
0.0067189,645,0x15,0x16
0.0067209,645,0x16,0x17
0.0067273,646,0x18,0x19
0.0067293,646,0x19,0x1A
0.0067313,646,0x1A,0x1B
0.0067377,647,0x1C,0x1D
0.0067397,647,0x1D,0x1E
0.0067417,647,0x1E,0x1F
0.0067481,648,0x20,0x21
0.0067501,648,0x21,0x22
0.0067521,648,0x22,0x23
0.0067585,649,0x24,0x25
0.0067605,649,0x25,0x26
0.0067625,649,0x26,0x27
0.0067689,650,0x28,0x29
0.0067709,650,0x29,0x2A
0.0067729,650,0x2A,0x2B
0.0067793,651,0x2C,0x2D
0.0067813,651,0x2D,0x2E
0.0067833,651,0x2E,0x2F
0.0067897,652,0x30,0x31
0.0067917,652,0x31,0x32
0.0067937,652,0x32,0x33
0.0068001,653,0x34,0x35
0.0068021,653,0x35,0x36
0.0068041,653,0x36,0x37
0.0068105,654,0x38,0x39
0.0068125,654,0x39,0x3A
0.0068145,654,0x3A,0x3B
0.0068209,655,0x3C,0x3D
0.0068229,655,0x3D,0x3E
0.0068249,655,0x3E,0x3F
0.0068313,656,0x40,0x41
0.0068333,656,0x41,0x42
0.0068353,656,0x42,0x43
0.0068417,657,0x44,0x45
0.0068437,657,0x45,0x46
0.0068457,657,0x46,0x47
0.0068521,658,0x48,0x49
0.0068541,658,0x49,0x4A
0.0068561,658,0x4A,0x4B
0.0068625,659,0x4C,0x4D
0.0068645,659,0x4D,0x4E
0.0068665,659,0x4E,0x4F
0.0068729,660,0x50,0x51
0.0068749,660,0x51,0x52
0.0068769,660,0x52,0x53
0.0068833,661,0x54,0x55
0.0068853,661,0x55,0x56
0.0068873,661,0x56,0x57
0.0068937,662,0x58,0x59
0.0068957,662,0x59,0x5A
0.0068977,662,0x5A,0x5B
0.0069041,663,0x5C,0x5D
0.0069061,663,0x5D,0x5E
0.0069081,663,0x5E,0x5F
0.0069145,664,0x60,0x61
0.0069165,664,0x61,0x62
0.0069185,664,0x62,0x63
0.0069249,665,0x64,0x65
0.0069269,665,0x65,0x66
0.0069289,665,0x66,0x67
0.0069353,666,0x68,0x69
0.0069373,666,0x69,0x6A
0.0069393,666,0x6A,0x6B
0.0069457,667,0x6C,0x6D
0.0069477,667,0x6D,0x6E
0.0069497,667,0x6E,0x6F
0.0069561,668,0x70,0x71
0.0069581,668,0x71,0x72
0.0069601,668,0x72,0x73
0.0069665,669,0x74,0x75
0.0069685,669,0x75,0x76
0.0069705,669,0x76,0x77
0.0069769,670,0x78,0x79
0.0069789,670,0x79,0x7A
0.0069809,670,0x7A,0x7B
0.0069873,671,0x7C,0x7D
0.0069893,671,0x7D,0x7E
0.0069913,671,0x7E,0x7F
0.0069977,672,0x80,0x81
0.0069997,672,0x81,0x82
0.0070017,672,0x82,0x83
0.0070081,673,0x84,0x85
0.0070101,673,0x85,0x86
0.0070121,673,0x86,0x87
0.0070185,674,0x88,0x89
0.0070205,674,0x89,0x8A
0.0070225,674,0x8A,0x8B
0.0070289,675,0x8C,0x8D
0.0070309,675,0x8D,0x8E
0.0070329,675,0x8E,0x8F
0.0070393,676,0x90,0x91
0.0070413,676,0x91,0x92
0.0070433,676,0x92,0x93
0.0070497,677,0x94,0x95
0.0070517,677,0x95,0x96
0.0070537,677,0x96,0x97
0.0070601,678,0x98,0x99
0.0070621,678,0x99,0x9A
0.0070641,678,0x9A,0x9B
0.0070705,679,0x9C,0x9D
0.0070725,679,0x9D,0x9E
0.0070745,679,0x9E,0x9F
0.0070809,680,0xA0,0xA1
0.0070829,680,0xA1,0xA2
0.0070849,680,0xA2,0xA3
0.0070913,681,0xA4,0xA5
0.0070933,681,0xA5,0xA6
0.0070953,681,0xA6,0xA7
0.0071017,682,0xA8,0xA9
0.0071037,682,0xA9,0xAA
0.0071057,682,0xAA,0xAB
0.0071121,683,0xAC,0xAD
0.0071141,683,0xAD,0xAE
0.0071161,683,0xAE,0xAF
0.0071225,684,0xB0,0xB1
0.0071245,684,0xB1,0xB2
0.0071265,684,0xB2,0xB3
0.0071329,685,0xB4,0xB5
0.0071349,685,0xB5,0xB6
0.0071369,685,0xB6,0xB7
0.0071433,686,0xB8,0xB9
0.0071453,686,0xB9,0xBA
0.0071473,686,0xBA,0xBB
0.0071537,687,0xBC,0xBD
0.0071557,687,0xBD,0xBE
0.0071577,687,0xBE,0xBF
0.0071641,688,0xC0,0xC1
0.0071661,688,0xC1,0xC2
0.0071681,688,0xC2,0xC3
0.0071745,689,0xC4,0xC5
0.0071765,689,0xC5,0xC6
0.0071785,689,0xC6,0xC7
0.0071849,690,0xC8,0xC9
0.0071869,690,0xC9,0xCA
0.0071889,690,0xCA,0xCB
0.0071953,691,0xCC,0xCD
0.0071973,691,0xCD,0xCE
0.0071993,691,0xCE,0xCF
0.0072057,692,0xD0,0xD1
0.0072077,692,0xD1,0xD2
0.0072097,692,0xD2,0xD3
0.0072161,693,0xD4,0xD5
0.0072181,693,0xD5,0xD6
0.0072201,693,0xD6,0xD7
0.0072265,694,0xD8,0xD9
0.0072285,694,0xD9,0xDA
0.0072305,694,0xDA,0xDB
0.0072369,695,0xDC,0xDD
0.0072389,695,0xDD,0xDE
0.0072409,695,0xDE,0xDF
0.0072473,696,0xE0,0xE1
0.0072493,696,0xE1,0xE2
0.0072513,696,0xE2,0xE3
0.0072577,697,0xE4,0xE5
0.0072597,697,0xE5,0xE6
0.0072617,697,0xE6,0xE7
0.0072681,698,0xE8,0xE9
0.0072701,698,0xE9,0xEA
0.0072721,698,0xEA,0xEB
0.0072785,699,0xEC,0xED
0.0072805,699,0xED,0xEE
0.0072825,699,0xEE,0xEF
0.0072889,700,0xF0,0xF1
0.0072909,700,0xF1,0xF2
0.0072929,700,0xF2,0xF3
0.0072993,701,0xF4,0xF5
0.0073013,701,0xF5,0xF6
0.0073033,701,0xF6,0xF7
0.0073097,702,0xF8,0xF9
0.0073117,702,0xF9,0xFA
0.0073137,702,0xFA,0xFB
0.0073201,703,0xFC,0xFD
0.0073221,703,0xFD,0xFE
0.0073241,703,0xFE,0xFF
0.0073305,704,0x00,0x01
0.0073325,704,0x01,0x02
0.0073345,704,0x02,0x03
0.0073409,705,0x04,0x05
0.0073429,705,0x05,0x06
0.0073449,705,0x06,0x07
0.0073513,706,0x08,0x09
0.0073533,706,0x09,0x0A
0.0073553,706,0x0A,0x0B
0.0073617,707,0x0C,0x0D
0.0073637,707,0x0D,0x0E
0.0073657,707,0x0E,0x0F
0.0073721,708,0x10,0x11
0.0073741,708,0x11,0x12
0.0073761,708,0x12,0x13
0.0073825,709,0x14,0x15
0.0073845,709,0x15,0x16
0.0073865,709,0x16,0x17
0.0073929,710,0x18,0x19
0.0073949,710,0x19,0x1A
0.0073969,710,0x1A,0x1B
0.0074033,711,0x1C,0x1D
0.0074053,711,0x1D,0x1E
0.0074073,711,0x1E,0x1F
0.0074137,712,0x20,0x21
0.0074157,712,0x21,0x22
0.0074177,712,0x22,0x23
0.0074241,713,0x24,0x25
0.0074261,713,0x25,0x26
0.0074281,713,0x26,0x27
0.0074345,714,0x28,0x29
0.0074365,714,0x29,0x2A
0.0074385,714,0x2A,0x2B
0.0074449,715,0x2C,0x2D
0.0074469,715,0x2D,0x2E
0.0074489,715,0x2E,0x2F
0.0074553,716,0x30,0x31
0.0074573,716,0x31,0x32
0.0074593,716,0x32,0x33
0.0074657,717,0x34,0x35
0.0074677,717,0x35,0x36
0.0074697,717,0x36,0x37
0.0074761,718,0x38,0x39
0.0074781,718,0x39,0x3A
0.0074801,718,0x3A,0x3B
0.0074865,719,0x3C,0x3D
0.0074885,719,0x3D,0x3E
0.0074905,719,0x3E,0x3F
0.0074969,720,0x40,0x41
0.0074989,720,0x41,0x42
0.0075009,720,0x42,0x43
0.0075073,721,0x44,0x45
0.0075093,721,0x45,0x46
0.0075113,721,0x46,0x47
0.0075177,722,0x48,0x49
0.0075197,722,0x49,0x4A
0.0075217,722,0x4A,0x4B
0.0075281,723,0x4C,0x4D
0.0075301,723,0x4D,0x4E
0.0075321,723,0x4E,0x4F
0.0075385,724,0x50,0x51
0.0075405,724,0x51,0x52
0.0075425,724,0x52,0x53
0.0075489,725,0x54,0x55
0.0075509,725,0x55,0x56
0.0075529,725,0x56,0x57
0.0075593,726,0x58,0x59
0.0075613,726,0x59,0x5A
0.0075633,726,0x5A,0x5B
0.0075697,727,0x5C,0x5D
0.0075717,727,0x5D,0x5E
0.0075737,727,0x5E,0x5F
0.0075801,728,0x60,0x61
0.0075821,728,0x61,0x62
0.0075841,728,0x62,0x63
0.0075905,729,0x64,0x65
0.0075925,729,0x65,0x66
0.0075945,729,0x66,0x67
0.0076009,730,0x68,0x69
0.0076029,730,0x69,0x6A
0.0076049,730,0x6A,0x6B
0.0076113,731,0x6C,0x6D
0.0076133,731,0x6D,0x6E
0.0076153,731,0x6E,0x6F
0.0076217,732,0x70,0x71
0.0076237,732,0x71,0x72
0.0076257,732,0x72,0x73
0.0076321,733,0x74,0x75
0.0076341,733,0x75,0x76
0.0076361,733,0x76,0x77
0.0076425,734,0x78,0x79
0.0076445,734,0x79,0x7A
0.0076465,734,0x7A,0x7B
0.0076529,735,0x7C,0x7D
0.0076549,735,0x7D,0x7E
0.0076569,735,0x7E,0x7F
0.0076633,736,0x80,0x81
0.0076653,736,0x81,0x82
0.0076673,736,0x82,0x83
0.0076737,737,0x84,0x85
0.0076757,737,0x85,0x86
0.0076777,737,0x86,0x87
0.0076841,738,0x88,0x89
0.0076861,738,0x89,0x8A
0.0076881,738,0x8A,0x8B
0.0076945,739,0x8C,0x8D
0.0076965,739,0x8D,0x8E
0.0076985,739,0x8E,0x8F
0.0077049,740,0x90,0x91
0.0077069,740,0x91,0x92
0.0077089,740,0x92,0x93
0.0077153,741,0x94,0x95
0.0077173,741,0x95,0x96
0.0077193,741,0x96,0x97
0.0077257,742,0x98,0x99
0.0077277,742,0x99,0x9A
0.0077297,742,0x9A,0x9B
0.0077361,743,0x9C,0x9D
0.0077381,743,0x9D,0x9E
0.0077401,743,0x9E,0x9F
0.0077465,744,0xA0,0xA1
0.0077485,744,0xA1,0xA2
0.0077505,744,0xA2,0xA3
0.0077569,745,0xA4,0xA5
0.0077589,745,0xA5,0xA6
0.0077609,745,0xA6,0xA7
0.0077673,746,0xA8,0xA9
0.0077693,746,0xA9,0xAA
0.0077713,746,0xAA,0xAB
0.0077777,747,0xAC,0xAD
0.0077797,747,0xAD,0xAE
0.0077817,747,0xAE,0xAF
0.0077881,748,0xB0,0xB1
0.0077901,748,0xB1,0xB2
0.0077921,748,0xB2,0xB3
0.0077985,749,0xB4,0xB5
0.0078005,749,0xB5,0xB6
0.0078025,749,0xB6,0xB7
0.0078089,750,0xB8,0xB9
0.0078109,750,0xB9,0xBA
0.0078129,750,0xBA,0xBB
0.0078193,751,0xBC,0xBD
0.0078213,751,0xBD,0xBE
0.0078233,751,0xBE,0xBF
0.0078297,752,0xC0,0xC1
0.0078317,752,0xC1,0xC2
0.0078337,752,0xC2,0xC3
0.0078401,753,0xC4,0xC5
0.0078421,753,0xC5,0xC6
0.0078441,753,0xC6,0xC7
0.0078505,754,0xC8,0xC9
0.0078525,754,0xC9,0xCA
0.0078545,754,0xCA,0xCB
0.0078609,755,0xCC,0xCD
0.0078629,755,0xCD,0xCE
0.0078649,755,0xCE,0xCF
0.0078713,756,0xD0,0xD1
0.0078733,756,0xD1,0xD2
0.0078753,756,0xD2,0xD3
0.0078817,757,0xD4,0xD5
0.0078837,757,0xD5,0xD6
0.0078857,757,0xD6,0xD7
0.0078921,758,0xD8,0xD9
0.0078941,758,0xD9,0xDA
0.0078961,758,0xDA,0xDB
0.0079025,759,0xDC,0xDD
0.0079045,759,0xDD,0xDE
0.0079065,759,0xDE,0xDF
0.0079129,760,0xE0,0xE1
0.0079149,760,0xE1,0xE2
0.0079169,760,0xE2,0xE3
0.0079233,761,0xE4,0xE5
0.0079253,761,0xE5,0xE6
0.0079273,761,0xE6,0xE7
0.0079337,762,0xE8,0xE9
0.0079357,762,0xE9,0xEA
0.0079377,762,0xEA,0xEB
0.0079441,763,0xEC,0xED
0.0079461,763,0xED,0xEE
0.0079481,763,0xEE,0xEF
0.0079545,764,0xF0,0xF1
0.0079565,764,0xF1,0xF2
0.0079585,764,0xF2,0xF3
0.0079649,765,0xF4,0xF5
0.0079669,765,0xF5,0xF6
0.0079689,765,0xF6,0xF7
0.0079753,766,0xF8,0xF9
0.0079773,766,0xF9,0xFA
0.0079793,766,0xFA,0xFB
0.0079857,767,0xFC,0xFD
0.0079877,767,0xFD,0xFE
0.0079897,767,0xFE,0xFF
0.0079961,768,0x00,0x01
0.0079981,768,0x01,0x02
0.0080001,768,0x02,0x03
0.0080065,769,0x04,0x05
0.0080085,769,0x05,0x06
0.0080105,769,0x06,0x07
0.0080169,770,0x08,0x09
0.0080189,770,0x09,0x0A
0.0080209,770,0x0A,0x0B
0.0080273,771,0x0C,0x0D
0.0080293,771,0x0D,0x0E
0.0080313,771,0x0E,0x0F
0.0080377,772,0x10,0x11
0.0080397,772,0x11,0x12
0.0080417,772,0x12,0x13
0.0080481,773,0x14,0x15
0.0080501,773,0x15,0x16
0.0080521,773,0x16,0x17
0.0080585,774,0x18,0x19
0.0080605,774,0x19,0x1A
0.0080625,774,0x1A,0x1B
0.0080689,775,0x1C,0x1D
0.0080709,775,0x1D,0x1E
0.0080729,775,0x1E,0x1F
0.0080793,776,0x20,0x21
0.0080813,776,0x21,0x22
0.0080833,776,0x22,0x23
0.0080897,777,0x24,0x25
0.0080917,777,0x25,0x26
0.0080937,777,0x26,0x27
0.0081001,778,0x28,0x29
0.0081021,778,0x29,0x2A
0.0081041,778,0x2A,0x2B
0.0081105,779,0x2C,0x2D
0.0081125,779,0x2D,0x2E
0.0081145,779,0x2E,0x2F
0.0081209,780,0x30,0x31
0.0081229,780,0x31,0x32
0.0081249,780,0x32,0x33
0.0081313,781,0x34,0x35
0.0081333,781,0x35,0x36
0.0081353,781,0x36,0x37
0.0081417,782,0x38,0x39
0.0081437,782,0x39,0x3A
0.0081457,782,0x3A,0x3B
0.0081521,783,0x3C,0x3D
0.0081541,783,0x3D,0x3E
0.0081561,783,0x3E,0x3F
0.0081625,784,0x40,0x41
0.0081645,784,0x41,0x42
0.0081665,784,0x42,0x43
0.0081729,785,0x44,0x45
0.0081749,785,0x45,0x46
0.0081769,785,0x46,0x47
0.0081833,786,0x48,0x49
0.0081853,786,0x49,0x4A
0.0081873,786,0x4A,0x4B
0.0081937,787,0x4C,0x4D
0.0081957,787,0x4D,0x4E
0.0081977,787,0x4E,0x4F
0.0082041,788,0x50,0x51
0.0082061,788,0x51,0x52
0.0082081,788,0x52,0x53
0.0082145,789,0x54,0x55
0.0082165,789,0x55,0x56
0.0082185,789,0x56,0x57
0.0082249,790,0x58,0x59
0.0082269,790,0x59,0x5A
0.0082289,790,0x5A,0x5B
0.0082353,791,0x5C,0x5D
0.0082373,791,0x5D,0x5E
0.0082393,791,0x5E,0x5F
0.0082457,792,0x60,0x61
0.0082477,792,0x61,0x62
0.0082497,792,0x62,0x63
0.0082561,793,0x64,0x65
0.0082581,793,0x65,0x66
0.0082601,793,0x66,0x67
0.0082665,794,0x68,0x69
0.0082685,794,0x69,0x6A
0.0082705,794,0x6A,0x6B
0.0082769,795,0x6C,0x6D
0.0082789,795,0x6D,0x6E
0.0082809,795,0x6E,0x6F
0.0082873,796,0x70,0x71
0.0082893,796,0x71,0x72
0.0082913,796,0x72,0x73
0.0082977,797,0x74,0x75
0.0082997,797,0x75,0x76
0.0083017,797,0x76,0x77
0.0083081,798,0x78,0x79
0.0083101,798,0x79,0x7A
0.0083121,798,0x7A,0x7B
0.0083185,799,0x7C,0x7D
0.0083205,799,0x7D,0x7E
0.0083225,799,0x7E,0x7F
0.0083289,800,0x80,0x81
0.0083309,800,0x81,0x82
0.0083329,800,0x82,0x83
0.0083393,801,0x84,0x85
0.0083413,801,0x85,0x86
0.0083433,801,0x86,0x87
0.0083497,802,0x88,0x89
0.0083517,802,0x89,0x8A
0.0083537,802,0x8A,0x8B
0.0083601,803,0x8C,0x8D
0.0083621,803,0x8D,0x8E
0.0083641,803,0x8E,0x8F
0.0083705,804,0x90,0x91
0.0083725,804,0x91,0x92
0.0083745,804,0x92,0x93
0.0083809,805,0x94,0x95
0.0083829,805,0x95,0x96
0.0083849,805,0x96,0x97
0.0083913,806,0x98,0x99
0.0083933,806,0x99,0x9A
0.0083953,806,0x9A,0x9B
0.0084017,807,0x9C,0x9D
0.0084037,807,0x9D,0x9E
0.0084057,807,0x9E,0x9F
0.0084121,808,0xA0,0xA1
0.0084141,808,0xA1,0xA2
0.0084161,808,0xA2,0xA3
0.0084225,809,0xA4,0xA5
0.0084245,809,0xA5,0xA6
0.0084265,809,0xA6,0xA7
0.0084329,810,0xA8,0xA9
0.0084349,810,0xA9,0xAA
0.0084369,810,0xAA,0xAB
0.0084433,811,0xAC,0xAD
0.0084453,811,0xAD,0xAE
0.0084473,811,0xAE,0xAF
0.0084537,812,0xB0,0xB1
0.0084557,812,0xB1,0xB2
0.0084577,812,0xB2,0xB3
0.0084641,813,0xB4,0xB5
0.0084661,813,0xB5,0xB6
